<?xml version="1.0" encoding="UTF-8"?><?xml-stylesheet type='text/xsl' href='_UpgradeReport_Files/UpgradeReport.xslt'?><UpgradeLog>
<Properties><Property Name="Solution" Value="uniERP.App.UI.HR.H4006M3_KO883">
</Property><Property Name="솔루션 파일" Value="D:\유지보수\유지보수내역2\팸텍티아이에스\팸텍(주) 프로젝트 산출물\팸텍(주) 프로젝트 산출물\Ⅱ.공정산출물\04 설계 및 개발\02. 프로그램사양서 및 개발소스\01.팸텍 프로젝트\H4006M3_KO883_근태신청등록(S)\070. UI\uniERP.App.UI.HR.H4006M3_KO883\uniERP.App.UI.HR.H4006M3_KO883.sln">
</Property><Property Name="Date" Value="2019년 2월 18일 월요일">
</Property><Property Name="Time" Value="오후 15:38:38">
</Property></Properties><Event ErrorLevel="0" Project="uniERP.App.UI.HR.H4006M3_KO883" Source="uniERP.App.UI.HR.H4006M3_KO883.csproj" Description="프로젝트 파일을 D:\유지보수\유지보수내역2\팸텍티아이에스\팸텍(주) 프로젝트 산출물\팸텍(주) 프로젝트 산출물\Ⅱ.공정산출물\04 설계 및 개발\02. 프로그램사양서 및 개발소스\01.팸텍 프로젝트\H4006M3_KO883_근태신청등록(S)\070. UI\uniERP.App.UI.HR.H4006M3_KO883\Backup\uniERP.App.UI.HR.H4006M3_KO883.csproj(으)로 백업했습니다.">
</Event><Event ErrorLevel="0" Project="uniERP.App.UI.HR.H4006M3_KO883" Source="ModuleViewer.cs" Description="파일을 D:\유지보수\유지보수내역2\팸텍티아이에스\팸텍(주) 프로젝트 산출물\팸텍(주) 프로젝트 산출물\Ⅱ.공정산출물\04 설계 및 개발\02. 프로그램사양서 및 개발소스\01.팸텍 프로젝트\H4006M3_KO883_근태신청등록(S)\070. UI\uniERP.App.UI.HR.H4006M3_KO883\Backup\ModuleViewer.cs(으)로 백업했습니다.">
</Event><Event ErrorLevel="0" Project="uniERP.App.UI.HR.H4006M3_KO883" Source="ModuleViewer.Designer.cs" Description="파일을 D:\유지보수\유지보수내역2\팸텍티아이에스\팸텍(주) 프로젝트 산출물\팸텍(주) 프로젝트 산출물\Ⅱ.공정산출물\04 설계 및 개발\02. 프로그램사양서 및 개발소스\01.팸텍 프로젝트\H4006M3_KO883_근태신청등록(S)\070. UI\uniERP.App.UI.HR.H4006M3_KO883\Backup\ModuleViewer.Designer.cs(으)로 백업했습니다.">
</Event><Event ErrorLevel="0" Project="uniERP.App.UI.HR.H4006M3_KO883" Source="Properties\AssemblyInfo.cs" Description="파일을 D:\유지보수\유지보수내역2\팸텍티아이에스\팸텍(주) 프로젝트 산출물\팸텍(주) 프로젝트 산출물\Ⅱ.공정산출물\04 설계 및 개발\02. 프로그램사양서 및 개발소스\01.팸텍 프로젝트\H4006M3_KO883_근태신청등록(S)\070. UI\uniERP.App.UI.HR.H4006M3_KO883\Backup\Properties\AssemblyInfo.cs(으)로 백업했습니다.">
</Event><Event ErrorLevel="0" Project="uniERP.App.UI.HR.H4006M3_KO883" Source="Properties\Settings.Designer.cs" Description="파일을 D:\유지보수\유지보수내역2\팸텍티아이에스\팸텍(주) 프로젝트 산출물\팸텍(주) 프로젝트 산출물\Ⅱ.공정산출물\04 설계 및 개발\02. 프로그램사양서 및 개발소스\01.팸텍 프로젝트\H4006M3_KO883_근태신청등록(S)\070. UI\uniERP.App.UI.HR.H4006M3_KO883\Backup\Properties\Settings.Designer.cs(으)로 백업했습니다.">
</Event><Event ErrorLevel="0" Project="uniERP.App.UI.HR.H4006M3_KO883" Source="TdsH_DILIG.cs" Description="파일을 D:\유지보수\유지보수내역2\팸텍티아이에스\팸텍(주) 프로젝트 산출물\팸텍(주) 프로젝트 산출물\Ⅱ.공정산출물\04 설계 및 개발\02. 프로그램사양서 및 개발소스\01.팸텍 프로젝트\H4006M3_KO883_근태신청등록(S)\070. UI\uniERP.App.UI.HR.H4006M3_KO883\Backup\TdsH_DILIG.cs(으)로 백업했습니다.">
</Event><Event ErrorLevel="0" Project="uniERP.App.UI.HR.H4006M3_KO883" Source="TdsH_DILIG.Designer.cs" Description="파일을 D:\유지보수\유지보수내역2\팸텍티아이에스\팸텍(주) 프로젝트 산출물\팸텍(주) 프로젝트 산출물\Ⅱ.공정산출물\04 설계 및 개발\02. 프로그램사양서 및 개발소스\01.팸텍 프로젝트\H4006M3_KO883_근태신청등록(S)\070. UI\uniERP.App.UI.HR.H4006M3_KO883\Backup\TdsH_DILIG.Designer.cs(으)로 백업했습니다.">
</Event><Event ErrorLevel="0" Project="uniERP.App.UI.HR.H4006M3_KO883" Source="Web References\wsPB0C001FL\Reference.cs" Description="파일을 D:\유지보수\유지보수내역2\팸텍티아이에스\팸텍(주) 프로젝트 산출물\팸텍(주) 프로젝트 산출물\Ⅱ.공정산출물\04 설계 및 개발\02. 프로그램사양서 및 개발소스\01.팸텍 프로젝트\H4006M3_KO883_근태신청등록(S)\070. UI\uniERP.App.UI.HR.H4006M3_KO883\Backup\Web References\wsPB0C001FL\Reference.cs(으)로 백업했습니다.">
</Event><Event ErrorLevel="0" Project="uniERP.App.UI.HR.H4006M3_KO883" Source="TdsH_DILIG.xsc" Description="파일을 D:\유지보수\유지보수내역2\팸텍티아이에스\팸텍(주) 프로젝트 산출물\팸텍(주) 프로젝트 산출물\Ⅱ.공정산출물\04 설계 및 개발\02. 프로그램사양서 및 개발소스\01.팸텍 프로젝트\H4006M3_KO883_근태신청등록(S)\070. UI\uniERP.App.UI.HR.H4006M3_KO883\Backup\TdsH_DILIG.xsc(으)로 백업했습니다.">
</Event><Event ErrorLevel="0" Project="uniERP.App.UI.HR.H4006M3_KO883" Source="TdsH_DILIG.xsd" Description="파일을 D:\유지보수\유지보수내역2\팸텍티아이에스\팸텍(주) 프로젝트 산출물\팸텍(주) 프로젝트 산출물\Ⅱ.공정산출물\04 설계 및 개발\02. 프로그램사양서 및 개발소스\01.팸텍 프로젝트\H4006M3_KO883_근태신청등록(S)\070. UI\uniERP.App.UI.HR.H4006M3_KO883\Backup\TdsH_DILIG.xsd(으)로 백업했습니다.">
</Event><Event ErrorLevel="0" Project="uniERP.App.UI.HR.H4006M3_KO883" Source="TdsH_DILIG.xss" Description="파일을 D:\유지보수\유지보수내역2\팸텍티아이에스\팸텍(주) 프로젝트 산출물\팸텍(주) 프로젝트 산출물\Ⅱ.공정산출물\04 설계 및 개발\02. 프로그램사양서 및 개발소스\01.팸텍 프로젝트\H4006M3_KO883_근태신청등록(S)\070. UI\uniERP.App.UI.HR.H4006M3_KO883\Backup\TdsH_DILIG.xss(으)로 백업했습니다.">
</Event><Event ErrorLevel="0" Project="uniERP.App.UI.HR.H4006M3_KO883" Source="Web References\wsPB0C001FL\PB0C001FL.wsdl" Description="파일을 D:\유지보수\유지보수내역2\팸텍티아이에스\팸텍(주) 프로젝트 산출물\팸텍(주) 프로젝트 산출물\Ⅱ.공정산출물\04 설계 및 개발\02. 프로그램사양서 및 개발소스\01.팸텍 프로젝트\H4006M3_KO883_근태신청등록(S)\070. UI\uniERP.App.UI.HR.H4006M3_KO883\Backup\Web References\wsPB0C001FL\PB0C001FL.wsdl(으)로 백업했습니다.">
</Event><Event ErrorLevel="0" Project="uniERP.App.UI.HR.H4006M3_KO883" Source="app.config" Description="파일을 D:\유지보수\유지보수내역2\팸텍티아이에스\팸텍(주) 프로젝트 산출물\팸텍(주) 프로젝트 산출물\Ⅱ.공정산출물\04 설계 및 개발\02. 프로그램사양서 및 개발소스\01.팸텍 프로젝트\H4006M3_KO883_근태신청등록(S)\070. UI\uniERP.App.UI.HR.H4006M3_KO883\Backup\app.config(으)로 백업했습니다.">
</Event><Event ErrorLevel="0" Project="uniERP.App.UI.HR.H4006M3_KO883" Source="Properties\Settings.settings" Description="파일을 D:\유지보수\유지보수내역2\팸텍티아이에스\팸텍(주) 프로젝트 산출물\팸텍(주) 프로젝트 산출물\Ⅱ.공정산출물\04 설계 및 개발\02. 프로그램사양서 및 개발소스\01.팸텍 프로젝트\H4006M3_KO883_근태신청등록(S)\070. UI\uniERP.App.UI.HR.H4006M3_KO883\Backup\Properties\Settings.settings(으)로 백업했습니다.">
</Event><Event ErrorLevel="0" Project="uniERP.App.UI.HR.H4006M3_KO883" Source="Web References\wsPB0C001FL\DsBTransAutoNumber.datasource" Description="파일을 D:\유지보수\유지보수내역2\팸텍티아이에스\팸텍(주) 프로젝트 산출물\팸텍(주) 프로젝트 산출물\Ⅱ.공정산출물\04 설계 및 개발\02. 프로그램사양서 및 개발소스\01.팸텍 프로젝트\H4006M3_KO883_근태신청등록(S)\070. UI\uniERP.App.UI.HR.H4006M3_KO883\Backup\Web References\wsPB0C001FL\DsBTransAutoNumber.datasource(으)로 백업했습니다.">
</Event><Event ErrorLevel="0" Project="uniERP.App.UI.HR.H4006M3_KO883" Source="Web References\wsPB0C001FL\DsBTransAutoNumber.xsd" Description="파일을 D:\유지보수\유지보수내역2\팸텍티아이에스\팸텍(주) 프로젝트 산출물\팸텍(주) 프로젝트 산출물\Ⅱ.공정산출물\04 설계 및 개발\02. 프로그램사양서 및 개발소스\01.팸텍 프로젝트\H4006M3_KO883_근태신청등록(S)\070. UI\uniERP.App.UI.HR.H4006M3_KO883\Backup\Web References\wsPB0C001FL\DsBTransAutoNumber.xsd(으)로 백업했습니다.">
</Event><Event ErrorLevel="0" Project="uniERP.App.UI.HR.H4006M3_KO883" Source="Web References\wsPB0C001FL\PB0C001FL.disco" Description="파일을 D:\유지보수\유지보수내역2\팸텍티아이에스\팸텍(주) 프로젝트 산출물\팸텍(주) 프로젝트 산출물\Ⅱ.공정산출물\04 설계 및 개발\02. 프로그램사양서 및 개발소스\01.팸텍 프로젝트\H4006M3_KO883_근태신청등록(S)\070. UI\uniERP.App.UI.HR.H4006M3_KO883\Backup\Web References\wsPB0C001FL\PB0C001FL.disco(으)로 백업했습니다.">
</Event><Event ErrorLevel="0" Project="uniERP.App.UI.HR.H4006M3_KO883" Source="Web References\wsPB0C001FL\Reference.map" Description="파일을 D:\유지보수\유지보수내역2\팸텍티아이에스\팸텍(주) 프로젝트 산출물\팸텍(주) 프로젝트 산출물\Ⅱ.공정산출물\04 설계 및 개발\02. 프로그램사양서 및 개발소스\01.팸텍 프로젝트\H4006M3_KO883_근태신청등록(S)\070. UI\uniERP.App.UI.HR.H4006M3_KO883\Backup\Web References\wsPB0C001FL\Reference.map(으)로 백업했습니다.">
</Event><Event ErrorLevel="0" Project="uniERP.App.UI.HR.H4006M3_KO883" Source="ModuleViewer.resx" Description="파일을 D:\유지보수\유지보수내역2\팸텍티아이에스\팸텍(주) 프로젝트 산출물\팸텍(주) 프로젝트 산출물\Ⅱ.공정산출물\04 설계 및 개발\02. 프로그램사양서 및 개발소스\01.팸텍 프로젝트\H4006M3_KO883_근태신청등록(S)\070. UI\uniERP.App.UI.HR.H4006M3_KO883\Backup\ModuleViewer.resx(으)로 백업했습니다.">
</Event><Event ErrorLevel="0" Project="uniERP.App.UI.HR.H4006M3_KO883" Source="uniERP.App.UI.HR.H4006M3_KO883.csproj" Description="프로젝트를 변환했습니다.">
</Event><Event ErrorLevel="3" Project="uniERP.App.UI.HR.H4006M3_KO883" Source="uniERP.App.UI.HR.H4006M3_KO883.csproj" Description="Converted">
</Event></UpgradeLog>