<?xml version="1.0" encoding="UTF-8"?><?xml-stylesheet type='text/xsl' href='_UpgradeReport_Files/UpgradeReport.xslt'?><UpgradeLog>
<Properties><Property Name="Solution" Value="uniERP.App.UI.HR.H4006MA3_KO883">
</Property><Property Name="솔루션 파일" Value="D:\uniERP.NET\uniERP\App\UI\HR\uniERP.App.UI.HR.H4006MA3_KO883\uniERP.App.UI.HR.H4006MA3_KO883.sln">
</Property><Property Name="사용자 옵션 파일" Value="D:\uniERP.NET\uniERP\App\UI\HR\uniERP.App.UI.HR.H4006MA3_KO883\uniERP.App.UI.HR.H4006MA3_KO883.suo">
</Property><Property Name="Date" Value="2020년 12월 22일 화요일">
</Property><Property Name="Time" Value="오후 14:37">
</Property><Property Name="로그 번호" Value="4">
</Property></Properties><Event ErrorLevel="0" Project="" Source="uniERP.App.UI.HR.H4006MA3_KO883.sln" Description="파일을 D:\uniERP.NET\uniERP\App\UI\HR\uniERP.App.UI.HR.H4006MA3_KO883\Backup1\uniERP.App.UI.HR.H4006MA3_KO883.sln(으)로 백업했습니다.">
</Event><Event ErrorLevel="0" Project="" Source="uniERP.App.UI.HR.H4006MA3_KO883.suo" Description="파일을 D:\uniERP.NET\uniERP\App\UI\HR\uniERP.App.UI.HR.H4006MA3_KO883\Backup1\uniERP.App.UI.HR.H4006MA3_KO883.suo(으)로 백업했습니다.">
</Event><Event ErrorLevel="0" Project="uniERP.App.UI.HR.H4006MA3_KO883" Source="uniERP.App.UI.HR.H4006MA3_KO883.csproj" Description="Project file successfully backed up as D:\uniERP.NET\uniERP\App\UI\HR\uniERP.App.UI.HR.H4006MA3_KO883\Backup1\uniERP.App.UI.HR.H4006MA3_KO883.csproj">
</Event><Event ErrorLevel="0" Project="uniERP.App.UI.HR.H4006MA3_KO883" Source="uniERP.App.UI.HR.H4006MA3_KO883.csproj.user" Description="Project user file successfully backed up as D:\uniERP.NET\uniERP\App\UI\HR\uniERP.App.UI.HR.H4006MA3_KO883\Backup1\uniERP.App.UI.HR.H4006MA3_KO883.csproj.user">
</Event><Event ErrorLevel="0" Project="uniERP.App.UI.HR.H4006MA3_KO883" Source="ModuleViewer.cs" Description="File successfully backed up as D:\uniERP.NET\uniERP\App\UI\HR\uniERP.App.UI.HR.H4006MA3_KO883\Backup1\ModuleViewer.cs">
</Event><Event ErrorLevel="0" Project="uniERP.App.UI.HR.H4006MA3_KO883" Source="ModuleViewer.Designer.cs" Description="File successfully backed up as D:\uniERP.NET\uniERP\App\UI\HR\uniERP.App.UI.HR.H4006MA3_KO883\Backup1\ModuleViewer.Designer.cs">
</Event><Event ErrorLevel="0" Project="uniERP.App.UI.HR.H4006MA3_KO883" Source="Properties\AssemblyInfo.cs" Description="File successfully backed up as D:\uniERP.NET\uniERP\App\UI\HR\uniERP.App.UI.HR.H4006MA3_KO883\Backup1\Properties\AssemblyInfo.cs">
</Event><Event ErrorLevel="0" Project="uniERP.App.UI.HR.H4006MA3_KO883" Source="Properties\Settings.Designer.cs" Description="File successfully backed up as D:\uniERP.NET\uniERP\App\UI\HR\uniERP.App.UI.HR.H4006MA3_KO883\Backup1\Properties\Settings.Designer.cs">
</Event><Event ErrorLevel="0" Project="uniERP.App.UI.HR.H4006MA3_KO883" Source="TdsH_DILIG.cs" Description="File successfully backed up as D:\uniERP.NET\uniERP\App\UI\HR\uniERP.App.UI.HR.H4006MA3_KO883\Backup1\TdsH_DILIG.cs">
</Event><Event ErrorLevel="0" Project="uniERP.App.UI.HR.H4006MA3_KO883" Source="TdsH_DILIG.Designer.cs" Description="File successfully backed up as D:\uniERP.NET\uniERP\App\UI\HR\uniERP.App.UI.HR.H4006MA3_KO883\Backup1\TdsH_DILIG.Designer.cs">
</Event><Event ErrorLevel="0" Project="uniERP.App.UI.HR.H4006MA3_KO883" Source="Web References\wsPB0C001FL\Reference.cs" Description="File successfully backed up as D:\uniERP.NET\uniERP\App\UI\HR\uniERP.App.UI.HR.H4006MA3_KO883\Backup1\Web References\wsPB0C001FL\Reference.cs">
</Event><Event ErrorLevel="0" Project="uniERP.App.UI.HR.H4006MA3_KO883" Source="TdsH_DILIG.xsc" Description="File successfully backed up as D:\uniERP.NET\uniERP\App\UI\HR\uniERP.App.UI.HR.H4006MA3_KO883\Backup1\TdsH_DILIG.xsc">
</Event><Event ErrorLevel="0" Project="uniERP.App.UI.HR.H4006MA3_KO883" Source="TdsH_DILIG.xsd" Description="File successfully backed up as D:\uniERP.NET\uniERP\App\UI\HR\uniERP.App.UI.HR.H4006MA3_KO883\Backup1\TdsH_DILIG.xsd">
</Event><Event ErrorLevel="0" Project="uniERP.App.UI.HR.H4006MA3_KO883" Source="TdsH_DILIG.xss" Description="File successfully backed up as D:\uniERP.NET\uniERP\App\UI\HR\uniERP.App.UI.HR.H4006MA3_KO883\Backup1\TdsH_DILIG.xss">
</Event><Event ErrorLevel="0" Project="uniERP.App.UI.HR.H4006MA3_KO883" Source="Web References\wsPB0C001FL\PB0C001FL.wsdl" Description="File successfully backed up as D:\uniERP.NET\uniERP\App\UI\HR\uniERP.App.UI.HR.H4006MA3_KO883\Backup1\Web References\wsPB0C001FL\PB0C001FL.wsdl">
</Event><Event ErrorLevel="0" Project="uniERP.App.UI.HR.H4006MA3_KO883" Source="app.config" Description="File successfully backed up as D:\uniERP.NET\uniERP\App\UI\HR\uniERP.App.UI.HR.H4006MA3_KO883\Backup1\app.config">
</Event><Event ErrorLevel="0" Project="uniERP.App.UI.HR.H4006MA3_KO883" Source="Properties\Settings.settings" Description="File successfully backed up as D:\uniERP.NET\uniERP\App\UI\HR\uniERP.App.UI.HR.H4006MA3_KO883\Backup1\Properties\Settings.settings">
</Event><Event ErrorLevel="0" Project="uniERP.App.UI.HR.H4006MA3_KO883" Source="Web References\wsPB0C001FL\DsBTransAutoNumber.xsd" Description="File successfully backed up as D:\uniERP.NET\uniERP\App\UI\HR\uniERP.App.UI.HR.H4006MA3_KO883\Backup1\Web References\wsPB0C001FL\DsBTransAutoNumber.xsd">
</Event><Event ErrorLevel="0" Project="uniERP.App.UI.HR.H4006MA3_KO883" Source="Web References\wsPB0C001FL\DsBTransAutoNumber1.datasource" Description="File successfully backed up as D:\uniERP.NET\uniERP\App\UI\HR\uniERP.App.UI.HR.H4006MA3_KO883\Backup1\Web References\wsPB0C001FL\DsBTransAutoNumber1.datasource">
</Event><Event ErrorLevel="0" Project="uniERP.App.UI.HR.H4006MA3_KO883" Source="Web References\wsPB0C001FL\PB0C001FL.disco" Description="File successfully backed up as D:\uniERP.NET\uniERP\App\UI\HR\uniERP.App.UI.HR.H4006MA3_KO883\Backup1\Web References\wsPB0C001FL\PB0C001FL.disco">
</Event><Event ErrorLevel="0" Project="uniERP.App.UI.HR.H4006MA3_KO883" Source="Web References\wsPB0C001FL\Reference.map" Description="File successfully backed up as D:\uniERP.NET\uniERP\App\UI\HR\uniERP.App.UI.HR.H4006MA3_KO883\Backup1\Web References\wsPB0C001FL\Reference.map">
</Event><Event ErrorLevel="0" Project="uniERP.App.UI.HR.H4006MA3_KO883" Source="ModuleViewer.resx" Description="File successfully backed up as D:\uniERP.NET\uniERP\App\UI\HR\uniERP.App.UI.HR.H4006MA3_KO883\Backup1\ModuleViewer.resx">
</Event><Event ErrorLevel="0" Project="uniERP.App.UI.HR.H4006MA3_KO883" Source="uniERP.App.UI.HR.H4006MA3_KO883.csproj" Description="Project converted successfully">
</Event><Event ErrorLevel="3" Project="uniERP.App.UI.HR.H4006MA3_KO883" Source="uniERP.App.UI.HR.H4006MA3_KO883.csproj" Description="Converted">
</Event><Event ErrorLevel="0" Project="" Source="uniERP.App.UI.HR.H4006MA3_KO883.sln" Description="솔루션을 변환했습니다.">
</Event><Event ErrorLevel="3" Project="" Source="uniERP.App.UI.HR.H4006MA3_KO883.sln" Description="Converted">
</Event><Event ErrorLevel="0" Project="uniERP.App.UI.HR.H4006MA3_KO883" Source="uniERP.App.UI.HR.H4006MA3_KO883.csproj" Description="Scan complete: Upgrade not required for project files.">
</Event></UpgradeLog>