<?xml version="1.0" encoding="UTF-8"?><?xml-stylesheet type='text/xsl' href='_UpgradeReport_Files/UpgradeReport.xslt'?><UpgradeLog>
<Properties><Property Name="Solution" Value="uniERP.App.UI.PS.Y7201Q1_KO883">
</Property><Property Name="솔루션 파일" Value="C:\Users\TECH\Desktop\Y7201Q1_KO883 프로젝트상세조회(S)\Y7201Q1_KO883 프로젝트상세조회(S)\070. UI\PS\uniERP.App.UI.PS.Y7201Q1_KO883\uniERP.App.UI.PS.Y7201Q1_KO883.sln">
</Property><Property Name="사용자 옵션 파일" Value="C:\Users\TECH\Desktop\Y7201Q1_KO883 프로젝트상세조회(S)\Y7201Q1_KO883 프로젝트상세조회(S)\070. UI\PS\uniERP.App.UI.PS.Y7201Q1_KO883\uniERP.App.UI.PS.Y7201Q1_KO883.suo">
</Property><Property Name="Date" Value="2020년 6월 19일 금요일">
</Property><Property Name="Time" Value="오전 11:33">
</Property></Properties><Event ErrorLevel="0" Project="" Source="uniERP.App.UI.PS.Y7201Q1_KO883.sln" Description="파일을 C:\Users\TECH\Desktop\Y7201Q1_KO883 프로젝트상세조회(S)\Y7201Q1_KO883 프로젝트상세조회(S)\070. UI\PS\uniERP.App.UI.PS.Y7201Q1_KO883\Backup\uniERP.App.UI.PS.Y7201Q1_KO883.sln(으)로 백업했습니다.">
</Event><Event ErrorLevel="0" Project="" Source="uniERP.App.UI.PS.Y7201Q1_KO883.suo" Description="파일을 C:\Users\TECH\Desktop\Y7201Q1_KO883 프로젝트상세조회(S)\Y7201Q1_KO883 프로젝트상세조회(S)\070. UI\PS\uniERP.App.UI.PS.Y7201Q1_KO883\Backup\uniERP.App.UI.PS.Y7201Q1_KO883.suo(으)로 백업했습니다.">
</Event><Event ErrorLevel="0" Project="uniERP.App.UI.PS.Y7201Q1_KO883" Source="uniERP.App.UI.PS.Y7201Q1_KO883.csproj" Description="프로젝트 파일을 C:\Users\TECH\Desktop\Y7201Q1_KO883 프로젝트상세조회(S)\Y7201Q1_KO883 프로젝트상세조회(S)\070. UI\PS\uniERP.App.UI.PS.Y7201Q1_KO883\Backup\uniERP.App.UI.PS.Y7201Q1_KO883.csproj(으)로 백업했습니다.">
</Event><Event ErrorLevel="0" Project="uniERP.App.UI.PS.Y7201Q1_KO883" Source="uniERP.App.UI.PS.Y7201Q1_KO883.csproj.user" Description="프로젝트 사용자 파일을 C:\Users\TECH\Desktop\Y7201Q1_KO883 프로젝트상세조회(S)\Y7201Q1_KO883 프로젝트상세조회(S)\070. UI\PS\uniERP.App.UI.PS.Y7201Q1_KO883\Backup\uniERP.App.UI.PS.Y7201Q1_KO883.csproj.user(으)로 백업했습니다.">
</Event><Event ErrorLevel="0" Project="uniERP.App.UI.PS.Y7201Q1_KO883" Source="ModuleViewer.cs" Description="파일을 C:\Users\TECH\Desktop\Y7201Q1_KO883 프로젝트상세조회(S)\Y7201Q1_KO883 프로젝트상세조회(S)\070. UI\PS\uniERP.App.UI.PS.Y7201Q1_KO883\Backup\ModuleViewer.cs(으)로 백업했습니다.">
</Event><Event ErrorLevel="0" Project="uniERP.App.UI.PS.Y7201Q1_KO883" Source="ModuleViewer.Designer.cs" Description="파일을 C:\Users\TECH\Desktop\Y7201Q1_KO883 프로젝트상세조회(S)\Y7201Q1_KO883 프로젝트상세조회(S)\070. UI\PS\uniERP.App.UI.PS.Y7201Q1_KO883\Backup\ModuleViewer.Designer.cs(으)로 백업했습니다.">
</Event><Event ErrorLevel="0" Project="uniERP.App.UI.PS.Y7201Q1_KO883" Source="Properties\AssemblyInfo.cs" Description="파일을 C:\Users\TECH\Desktop\Y7201Q1_KO883 프로젝트상세조회(S)\Y7201Q1_KO883 프로젝트상세조회(S)\070. UI\PS\uniERP.App.UI.PS.Y7201Q1_KO883\Backup\Properties\AssemblyInfo.cs(으)로 백업했습니다.">
</Event><Event ErrorLevel="0" Project="uniERP.App.UI.PS.Y7201Q1_KO883" Source="Properties\Settings.Designer.cs" Description="파일을 C:\Users\TECH\Desktop\Y7201Q1_KO883 프로젝트상세조회(S)\Y7201Q1_KO883 프로젝트상세조회(S)\070. UI\PS\uniERP.App.UI.PS.Y7201Q1_KO883\Backup\Properties\Settings.Designer.cs(으)로 백업했습니다.">
</Event><Event ErrorLevel="0" Project="uniERP.App.UI.PS.Y7201Q1_KO883" Source="Y7201QA1.cs" Description="파일을 C:\Users\TECH\Desktop\Y7201Q1_KO883 프로젝트상세조회(S)\Y7201Q1_KO883 프로젝트상세조회(S)\070. UI\PS\uniERP.App.UI.PS.Y7201Q1_KO883\Backup\Y7201QA1.cs(으)로 백업했습니다.">
</Event><Event ErrorLevel="0" Project="uniERP.App.UI.PS.Y7201Q1_KO883" Source="Y7201QA1.Designer.cs" Description="파일을 C:\Users\TECH\Desktop\Y7201Q1_KO883 프로젝트상세조회(S)\Y7201Q1_KO883 프로젝트상세조회(S)\070. UI\PS\uniERP.App.UI.PS.Y7201Q1_KO883\Backup\Y7201QA1.Designer.cs(으)로 백업했습니다.">
</Event><Event ErrorLevel="0" Project="uniERP.App.UI.PS.Y7201Q1_KO883" Source="app.config" Description="파일을 C:\Users\TECH\Desktop\Y7201Q1_KO883 프로젝트상세조회(S)\Y7201Q1_KO883 프로젝트상세조회(S)\070. UI\PS\uniERP.App.UI.PS.Y7201Q1_KO883\Backup\app.config(으)로 백업했습니다.">
</Event><Event ErrorLevel="0" Project="uniERP.App.UI.PS.Y7201Q1_KO883" Source="Properties\Settings.settings" Description="파일을 C:\Users\TECH\Desktop\Y7201Q1_KO883 프로젝트상세조회(S)\Y7201Q1_KO883 프로젝트상세조회(S)\070. UI\PS\uniERP.App.UI.PS.Y7201Q1_KO883\Backup\Properties\Settings.settings(으)로 백업했습니다.">
</Event><Event ErrorLevel="0" Project="uniERP.App.UI.PS.Y7201Q1_KO883" Source="Y7201QA1.xsc" Description="파일을 C:\Users\TECH\Desktop\Y7201Q1_KO883 프로젝트상세조회(S)\Y7201Q1_KO883 프로젝트상세조회(S)\070. UI\PS\uniERP.App.UI.PS.Y7201Q1_KO883\Backup\Y7201QA1.xsc(으)로 백업했습니다.">
</Event><Event ErrorLevel="0" Project="uniERP.App.UI.PS.Y7201Q1_KO883" Source="Y7201QA1.xsd" Description="파일을 C:\Users\TECH\Desktop\Y7201Q1_KO883 프로젝트상세조회(S)\Y7201Q1_KO883 프로젝트상세조회(S)\070. UI\PS\uniERP.App.UI.PS.Y7201Q1_KO883\Backup\Y7201QA1.xsd(으)로 백업했습니다.">
</Event><Event ErrorLevel="0" Project="uniERP.App.UI.PS.Y7201Q1_KO883" Source="Y7201QA1.xss" Description="파일을 C:\Users\TECH\Desktop\Y7201Q1_KO883 프로젝트상세조회(S)\Y7201Q1_KO883 프로젝트상세조회(S)\070. UI\PS\uniERP.App.UI.PS.Y7201Q1_KO883\Backup\Y7201QA1.xss(으)로 백업했습니다.">
</Event><Event ErrorLevel="0" Project="uniERP.App.UI.PS.Y7201Q1_KO883" Source="ModuleViewer.resx" Description="파일을 C:\Users\TECH\Desktop\Y7201Q1_KO883 프로젝트상세조회(S)\Y7201Q1_KO883 프로젝트상세조회(S)\070. UI\PS\uniERP.App.UI.PS.Y7201Q1_KO883\Backup\ModuleViewer.resx(으)로 백업했습니다.">
</Event><Event ErrorLevel="0" Project="uniERP.App.UI.PS.Y7201Q1_KO883" Source="Properties\licenses.licx" Description="파일을 C:\Users\TECH\Desktop\Y7201Q1_KO883 프로젝트상세조회(S)\Y7201Q1_KO883 프로젝트상세조회(S)\070. UI\PS\uniERP.App.UI.PS.Y7201Q1_KO883\Backup\Properties\licenses.licx(으)로 백업했습니다.">
</Event><Event ErrorLevel="1" Project="uniERP.App.UI.PS.Y7201Q1_KO883" Source="uniERP.App.UI.PS.Y7201Q1_KO883.csproj" Description="프로젝트가 .NET Framework 2.0 또는 3.0을 대상으로 합니다. 프로젝트에서 최신 .NET Framework를 필요로 하는 어셈블리를 사용하는 경우 프로젝트를 빌드할 수 없습니다. 프로젝트 메뉴에서 [속성]을 클릭하고 '.NET Framework' 드롭다운 상자에서 새 버전을 선택하면 .NET Framework 버전을 변경할 수 있습니다. Visual Basic의 경우 이 옵션이 '고급 컴파일러 옵션...' 단추를 클릭하면 나타나는 [컴파일] 탭에 있습니다.">
</Event><Event ErrorLevel="0" Project="uniERP.App.UI.PS.Y7201Q1_KO883" Source="uniERP.App.UI.PS.Y7201Q1_KO883.csproj" Description="프로젝트를 변환했습니다.">
</Event><Event ErrorLevel="3" Project="uniERP.App.UI.PS.Y7201Q1_KO883" Source="uniERP.App.UI.PS.Y7201Q1_KO883.csproj" Description="Converted">
</Event><Event ErrorLevel="1" Project="uniERP.App.UI.POPUP.Y7204P1_KO883" Source="..\..\POPUP\uniERP.App.UI.POPUP.Y7204P1_KO883\uniERP.App.UI.POPUP.Y7204P1_KO883.csproj" Description="경고: 원래 솔루션 상대 경로와 다른 상대 경로에 프로젝트 파일을 백업하고 있습니다. 폴더 계층 구조가 다르면 백업한 솔루션 및 프로젝트를 열거나 빌드하는 데 문제가 발생할 수 있습니다.">
</Event><Event ErrorLevel="0" Project="uniERP.App.UI.POPUP.Y7204P1_KO883" Source="..\..\POPUP\uniERP.App.UI.POPUP.Y7204P1_KO883\uniERP.App.UI.POPUP.Y7204P1_KO883.csproj" Description="프로젝트 파일을 C:\Users\TECH\Desktop\Y7201Q1_KO883 프로젝트상세조회(S)\Y7201Q1_KO883 프로젝트상세조회(S)\070. UI\PS\uniERP.App.UI.PS.Y7201Q1_KO883\Backup\uniERP.App.UI.POPUP.Y7204P1_KO883\uniERP.App.UI.POPUP.Y7204P1_KO883.csproj(으)로 백업했습니다.">
</Event><Event ErrorLevel="0" Project="uniERP.App.UI.POPUP.Y7204P1_KO883" Source="..\..\POPUP\uniERP.App.UI.POPUP.Y7204P1_KO883\PopupViewer.cs" Description="파일을 C:\Users\TECH\Desktop\Y7201Q1_KO883 프로젝트상세조회(S)\Y7201Q1_KO883 프로젝트상세조회(S)\070. UI\PS\uniERP.App.UI.PS.Y7201Q1_KO883\Backup\uniERP.App.UI.POPUP.Y7204P1_KO883\PopupViewer.cs(으)로 백업했습니다.">
</Event><Event ErrorLevel="0" Project="uniERP.App.UI.POPUP.Y7204P1_KO883" Source="..\..\POPUP\uniERP.App.UI.POPUP.Y7204P1_KO883\PopupViewer.designer.cs" Description="파일을 C:\Users\TECH\Desktop\Y7201Q1_KO883 프로젝트상세조회(S)\Y7201Q1_KO883 프로젝트상세조회(S)\070. UI\PS\uniERP.App.UI.PS.Y7201Q1_KO883\Backup\uniERP.App.UI.POPUP.Y7204P1_KO883\PopupViewer.designer.cs(으)로 백업했습니다.">
</Event><Event ErrorLevel="0" Project="uniERP.App.UI.POPUP.Y7204P1_KO883" Source="..\..\POPUP\uniERP.App.UI.POPUP.Y7204P1_KO883\Properties\AssemblyInfo.cs" Description="파일을 C:\Users\TECH\Desktop\Y7201Q1_KO883 프로젝트상세조회(S)\Y7201Q1_KO883 프로젝트상세조회(S)\070. UI\PS\uniERP.App.UI.PS.Y7201Q1_KO883\Backup\uniERP.App.UI.POPUP.Y7204P1_KO883\Properties\AssemblyInfo.cs(으)로 백업했습니다.">
</Event><Event ErrorLevel="0" Project="uniERP.App.UI.POPUP.Y7204P1_KO883" Source="..\..\POPUP\uniERP.App.UI.POPUP.Y7204P1_KO883\tdspop.cs" Description="파일을 C:\Users\TECH\Desktop\Y7201Q1_KO883 프로젝트상세조회(S)\Y7201Q1_KO883 프로젝트상세조회(S)\070. UI\PS\uniERP.App.UI.PS.Y7201Q1_KO883\Backup\uniERP.App.UI.POPUP.Y7204P1_KO883\tdspop.cs(으)로 백업했습니다.">
</Event><Event ErrorLevel="0" Project="uniERP.App.UI.POPUP.Y7204P1_KO883" Source="..\..\POPUP\uniERP.App.UI.POPUP.Y7204P1_KO883\tdspop.Designer.cs" Description="파일을 C:\Users\TECH\Desktop\Y7201Q1_KO883 프로젝트상세조회(S)\Y7201Q1_KO883 프로젝트상세조회(S)\070. UI\PS\uniERP.App.UI.PS.Y7201Q1_KO883\Backup\uniERP.App.UI.POPUP.Y7204P1_KO883\tdspop.Designer.cs(으)로 백업했습니다.">
</Event><Event ErrorLevel="0" Project="uniERP.App.UI.POPUP.Y7204P1_KO883" Source="..\..\POPUP\uniERP.App.UI.POPUP.Y7204P1_KO883\tdspop.xsc" Description="파일을 C:\Users\TECH\Desktop\Y7201Q1_KO883 프로젝트상세조회(S)\Y7201Q1_KO883 프로젝트상세조회(S)\070. UI\PS\uniERP.App.UI.PS.Y7201Q1_KO883\Backup\uniERP.App.UI.POPUP.Y7204P1_KO883\tdspop.xsc(으)로 백업했습니다.">
</Event><Event ErrorLevel="0" Project="uniERP.App.UI.POPUP.Y7204P1_KO883" Source="..\..\POPUP\uniERP.App.UI.POPUP.Y7204P1_KO883\tdspop.xsd" Description="파일을 C:\Users\TECH\Desktop\Y7201Q1_KO883 프로젝트상세조회(S)\Y7201Q1_KO883 프로젝트상세조회(S)\070. UI\PS\uniERP.App.UI.PS.Y7201Q1_KO883\Backup\uniERP.App.UI.POPUP.Y7204P1_KO883\tdspop.xsd(으)로 백업했습니다.">
</Event><Event ErrorLevel="0" Project="uniERP.App.UI.POPUP.Y7204P1_KO883" Source="..\..\POPUP\uniERP.App.UI.POPUP.Y7204P1_KO883\tdspop.xss" Description="파일을 C:\Users\TECH\Desktop\Y7201Q1_KO883 프로젝트상세조회(S)\Y7201Q1_KO883 프로젝트상세조회(S)\070. UI\PS\uniERP.App.UI.PS.Y7201Q1_KO883\Backup\uniERP.App.UI.POPUP.Y7204P1_KO883\tdspop.xss(으)로 백업했습니다.">
</Event><Event ErrorLevel="0" Project="uniERP.App.UI.POPUP.Y7204P1_KO883" Source="..\..\POPUP\uniERP.App.UI.POPUP.Y7204P1_KO883\PopupViewer.resx" Description="파일을 C:\Users\TECH\Desktop\Y7201Q1_KO883 프로젝트상세조회(S)\Y7201Q1_KO883 프로젝트상세조회(S)\070. UI\PS\uniERP.App.UI.PS.Y7201Q1_KO883\Backup\uniERP.App.UI.POPUP.Y7204P1_KO883\PopupViewer.resx(으)로 백업했습니다.">
</Event><Event ErrorLevel="0" Project="uniERP.App.UI.POPUP.Y7204P1_KO883" Source="..\..\POPUP\uniERP.App.UI.POPUP.Y7204P1_KO883\uniERP.App.UI.POPUP.Y7204P1_KO883.csproj" Description="프로젝트를 변환했습니다.">
</Event><Event ErrorLevel="3" Project="uniERP.App.UI.POPUP.Y7204P1_KO883" Source="..\..\POPUP\uniERP.App.UI.POPUP.Y7204P1_KO883\uniERP.App.UI.POPUP.Y7204P1_KO883.csproj" Description="Converted">
</Event><Event ErrorLevel="1" Project="uniERP.App.UI.POPUP.Y8204PA5_KO883" Source="..\..\POPUP\uniERP.App.UI.POPUP.Y8204PA5_KO883\uniERP.App.UI.POPUP.Y8204PA5_KO883.csproj" Description="경고: 원래 솔루션 상대 경로와 다른 상대 경로에 프로젝트 파일을 백업하고 있습니다. 폴더 계층 구조가 다르면 백업한 솔루션 및 프로젝트를 열거나 빌드하는 데 문제가 발생할 수 있습니다.">
</Event><Event ErrorLevel="2" Project="uniERP.App.UI.POPUP.Y8204PA5_KO883" Source="..\..\POPUP\uniERP.App.UI.POPUP.Y8204PA5_KO883\uniERP.App.UI.POPUP.Y8204PA5_KO883.csproj" Description="업그레이드하기 위해 프로젝트 파일을 열 수 없습니다.  ">
</Event><Event ErrorLevel="0" Project="" Source="uniERP.App.UI.PS.Y7201Q1_KO883.sln" Description="솔루션을 변환했습니다.">
</Event><Event ErrorLevel="3" Project="" Source="uniERP.App.UI.PS.Y7201Q1_KO883.sln" Description="Converted">
</Event><Event ErrorLevel="0" Project="uniERP.App.UI.PS.Y7201Q1_KO883" Source="uniERP.App.UI.PS.Y7201Q1_KO883.csproj" Description="검사 완료: 프로젝트 파일을 업그레이드할 필요가 없습니다.">
</Event><Event ErrorLevel="0" Project="uniERP.App.UI.POPUP.Y7204P1_KO883" Source="..\..\POPUP\uniERP.App.UI.POPUP.Y7204P1_KO883\uniERP.App.UI.POPUP.Y7204P1_KO883.csproj" Description="검사 완료: 프로젝트 파일을 업그레이드할 필요가 없습니다.">
</Event></UpgradeLog>