<?xml version="1.0" encoding="UTF-8"?><?xml-stylesheet type='text/xsl' href='_UpgradeReport_Files/UpgradeReport.xslt'?><UpgradeLog>
<Properties><Property Name="Solution" Value="uniERP.App.UI.MDM.B1B11M2_KO883">
</Property><Property Name="솔루션 파일" Value="C:\uniERP\uniERP.NET\uniERP\App\UI\MDM\uniERP.App.UI.MDM.B1B11M2_KO883\uniERP.App.UI.MDM.B1B11M2_KO883.sln">
</Property><Property Name="사용자 옵션 파일" Value="C:\uniERP\uniERP.NET\uniERP\App\UI\MDM\uniERP.App.UI.MDM.B1B11M2_KO883\uniERP.App.UI.MDM.B1B11M2_KO883.suo">
</Property><Property Name="Date" Value="2020년 9월 11일 금요일">
</Property><Property Name="Time" Value="오전 10:39">
</Property></Properties><Event ErrorLevel="0" Project="" Source="uniERP.App.UI.MDM.B1B11M2_KO883.sln" Description="파일을 C:\uniERP\uniERP.NET\uniERP\App\UI\MDM\uniERP.App.UI.MDM.B1B11M2_KO883\Backup\uniERP.App.UI.MDM.B1B11M2_KO883.sln(으)로 백업했습니다.">
</Event><Event ErrorLevel="0" Project="" Source="uniERP.App.UI.MDM.B1B11M2_KO883.suo" Description="파일을 C:\uniERP\uniERP.NET\uniERP\App\UI\MDM\uniERP.App.UI.MDM.B1B11M2_KO883\Backup\uniERP.App.UI.MDM.B1B11M2_KO883.suo(으)로 백업했습니다.">
</Event><Event ErrorLevel="0" Project="uniERP.App.UI.MDM.B1B11M2_KO883" Source="uniERP.App.UI.MDM.B1B11M2_KO883.csproj" Description="프로젝트 파일을 C:\uniERP\uniERP.NET\uniERP\App\UI\MDM\uniERP.App.UI.MDM.B1B11M2_KO883\Backup\uniERP.App.UI.MDM.B1B11M2_KO883.csproj(으)로 백업했습니다.">
</Event><Event ErrorLevel="0" Project="uniERP.App.UI.MDM.B1B11M2_KO883" Source="uniERP.App.UI.MDM.B1B11M2_KO883.csproj.user" Description="프로젝트 사용자 파일을 C:\uniERP\uniERP.NET\uniERP\App\UI\MDM\uniERP.App.UI.MDM.B1B11M2_KO883\Backup\uniERP.App.UI.MDM.B1B11M2_KO883.csproj.user(으)로 백업했습니다.">
</Event><Event ErrorLevel="0" Project="uniERP.App.UI.MDM.B1B11M2_KO883" Source="ModuleViewer.cs" Description="파일을 C:\uniERP\uniERP.NET\uniERP\App\UI\MDM\uniERP.App.UI.MDM.B1B11M2_KO883\Backup\ModuleViewer.cs(으)로 백업했습니다.">
</Event><Event ErrorLevel="0" Project="uniERP.App.UI.MDM.B1B11M2_KO883" Source="ModuleViewer.Designer.cs" Description="파일을 C:\uniERP\uniERP.NET\uniERP\App\UI\MDM\uniERP.App.UI.MDM.B1B11M2_KO883\Backup\ModuleViewer.Designer.cs(으)로 백업했습니다.">
</Event><Event ErrorLevel="0" Project="uniERP.App.UI.MDM.B1B11M2_KO883" Source="Properties\AssemblyInfo.cs" Description="파일을 C:\uniERP\uniERP.NET\uniERP\App\UI\MDM\uniERP.App.UI.MDM.B1B11M2_KO883\Backup\Properties\AssemblyInfo.cs(으)로 백업했습니다.">
</Event><Event ErrorLevel="0" Project="uniERP.App.UI.MDM.B1B11M2_KO883" Source="tdsItemInfoChk.Designer.cs" Description="파일을 C:\uniERP\uniERP.NET\uniERP\App\UI\MDM\uniERP.App.UI.MDM.B1B11M2_KO883\Backup\tdsItemInfoChk.Designer.cs(으)로 백업했습니다.">
</Event><Event ErrorLevel="0" Project="uniERP.App.UI.MDM.B1B11M2_KO883" Source="tdsItemInfoChk.xsc" Description="파일을 C:\uniERP\uniERP.NET\uniERP\App\UI\MDM\uniERP.App.UI.MDM.B1B11M2_KO883\Backup\tdsItemInfoChk.xsc(으)로 백업했습니다.">
</Event><Event ErrorLevel="0" Project="uniERP.App.UI.MDM.B1B11M2_KO883" Source="tdsItemInfoChk.xsd" Description="파일을 C:\uniERP\uniERP.NET\uniERP\App\UI\MDM\uniERP.App.UI.MDM.B1B11M2_KO883\Backup\tdsItemInfoChk.xsd(으)로 백업했습니다.">
</Event><Event ErrorLevel="0" Project="uniERP.App.UI.MDM.B1B11M2_KO883" Source="tdsItemInfoChk.xss" Description="파일을 C:\uniERP\uniERP.NET\uniERP\App\UI\MDM\uniERP.App.UI.MDM.B1B11M2_KO883\Backup\tdsItemInfoChk.xss(으)로 백업했습니다.">
</Event><Event ErrorLevel="0" Project="uniERP.App.UI.MDM.B1B11M2_KO883" Source="ModuleViewer.resx" Description="파일을 C:\uniERP\uniERP.NET\uniERP\App\UI\MDM\uniERP.App.UI.MDM.B1B11M2_KO883\Backup\ModuleViewer.resx(으)로 백업했습니다.">
</Event><Event ErrorLevel="0" Project="uniERP.App.UI.MDM.B1B11M2_KO883" Source="uniERP.App.UI.MDM.B1B11M2_KO883.csproj" Description="프로젝트를 변환했습니다.">
</Event><Event ErrorLevel="3" Project="uniERP.App.UI.MDM.B1B11M2_KO883" Source="uniERP.App.UI.MDM.B1B11M2_KO883.csproj" Description="Converted">
</Event><Event ErrorLevel="0" Project="" Source="uniERP.App.UI.MDM.B1B11M2_KO883.sln" Description="솔루션을 변환했습니다.">
</Event><Event ErrorLevel="3" Project="" Source="uniERP.App.UI.MDM.B1B11M2_KO883.sln" Description="Converted">
</Event><Event ErrorLevel="0" Project="uniERP.App.UI.MDM.B1B11M2_KO883" Source="uniERP.App.UI.MDM.B1B11M2_KO883.csproj" Description="검사 완료: 프로젝트 파일을 업그레이드할 필요가 없습니다.">
</Event></UpgradeLog>