<?xml version="1.0" encoding="UTF-8"?><?xml-stylesheet type='text/xsl' href='_UpgradeReport_Files/UpgradeReport.xslt'?><UpgradeLog>
<Properties><Property Name="Solution" Value="uniERP.App.UI.IM.I2211MA1_KO883">
</Property><Property Name="솔루션 파일" Value="C:\uniERP\uniERP.NET\uniERP\App\UI\IM\uniERP.App.UI.IM.I2211MA1_KO883\uniERP.App.UI.IM.I2211MA1_KO883.sln">
</Property><Property Name="Date" Value="2020년 9월 16일 수요일">
</Property><Property Name="Time" Value="오후 13:37:27">
</Property></Properties><Event ErrorLevel="0" Project="uniERP.App.UI.IM.I2211MA1_KO883" Source="uniERP.App.UI.IM.I2211MA1_KO883.csproj" Description="프로젝트 파일을 C:\uniERP\uniERP.NET\uniERP\App\UI\IM\uniERP.App.UI.IM.I2211MA1_KO883\Backup\uniERP.App.UI.IM.I2211MA1_KO883.csproj(으)로 백업했습니다.">
</Event><Event ErrorLevel="0" Project="uniERP.App.UI.IM.I2211MA1_KO883" Source="uniERP.App.UI.IM.I2211MA1_KO883.csproj.user" Description="프로젝트 사용자 파일을 C:\uniERP\uniERP.NET\uniERP\App\UI\IM\uniERP.App.UI.IM.I2211MA1_KO883\Backup\uniERP.App.UI.IM.I2211MA1_KO883.csproj.user(으)로 백업했습니다.">
</Event><Event ErrorLevel="0" Project="uniERP.App.UI.IM.I2211MA1_KO883" Source="DsI2212RA1.Designer.cs" Description="파일을 C:\uniERP\uniERP.NET\uniERP\App\UI\IM\uniERP.App.UI.IM.I2211MA1_KO883\Backup\DsI2212RA1.Designer.cs(으)로 백업했습니다.">
</Event><Event ErrorLevel="0" Project="uniERP.App.UI.IM.I2211MA1_KO883" Source="ModuleViewer.cs" Description="파일을 C:\uniERP\uniERP.NET\uniERP\App\UI\IM\uniERP.App.UI.IM.I2211MA1_KO883\Backup\ModuleViewer.cs(으)로 백업했습니다.">
</Event><Event ErrorLevel="0" Project="uniERP.App.UI.IM.I2211MA1_KO883" Source="ModuleViewer.Designer.cs" Description="파일을 C:\uniERP\uniERP.NET\uniERP\App\UI\IM\uniERP.App.UI.IM.I2211MA1_KO883\Backup\ModuleViewer.Designer.cs(으)로 백업했습니다.">
</Event><Event ErrorLevel="0" Project="uniERP.App.UI.IM.I2211MA1_KO883" Source="Properties\AssemblyInfo.cs" Description="파일을 C:\uniERP\uniERP.NET\uniERP\App\UI\IM\uniERP.App.UI.IM.I2211MA1_KO883\Backup\Properties\AssemblyInfo.cs(으)로 백업했습니다.">
</Event><Event ErrorLevel="0" Project="uniERP.App.UI.IM.I2211MA1_KO883" Source="Properties\Settings.Designer.cs" Description="파일을 C:\uniERP\uniERP.NET\uniERP\App\UI\IM\uniERP.App.UI.IM.I2211MA1_KO883\Backup\Properties\Settings.Designer.cs(으)로 백업했습니다.">
</Event><Event ErrorLevel="0" Project="uniERP.App.UI.IM.I2211MA1_KO883" Source="Web References\wsPI3G010FL\Reference.cs" Description="파일을 C:\uniERP\uniERP.NET\uniERP\App\UI\IM\uniERP.App.UI.IM.I2211MA1_KO883\Backup\Web References\wsPI3G010FL\Reference.cs(으)로 백업했습니다.">
</Event><Event ErrorLevel="0" Project="uniERP.App.UI.IM.I2211MA1_KO883" Source="app.config" Description="파일을 C:\uniERP\uniERP.NET\uniERP\App\UI\IM\uniERP.App.UI.IM.I2211MA1_KO883\Backup\app.config(으)로 백업했습니다.">
</Event><Event ErrorLevel="0" Project="uniERP.App.UI.IM.I2211MA1_KO883" Source="Properties\Settings.settings" Description="파일을 C:\uniERP\uniERP.NET\uniERP\App\UI\IM\uniERP.App.UI.IM.I2211MA1_KO883\Backup\Properties\Settings.settings(으)로 백업했습니다.">
</Event><Event ErrorLevel="0" Project="uniERP.App.UI.IM.I2211MA1_KO883" Source="DsI2212RA1.xsc" Description="파일을 C:\uniERP\uniERP.NET\uniERP\App\UI\IM\uniERP.App.UI.IM.I2211MA1_KO883\Backup\DsI2212RA1.xsc(으)로 백업했습니다.">
</Event><Event ErrorLevel="0" Project="uniERP.App.UI.IM.I2211MA1_KO883" Source="DsI2212RA1.xsd" Description="파일을 C:\uniERP\uniERP.NET\uniERP\App\UI\IM\uniERP.App.UI.IM.I2211MA1_KO883\Backup\DsI2212RA1.xsd(으)로 백업했습니다.">
</Event><Event ErrorLevel="0" Project="uniERP.App.UI.IM.I2211MA1_KO883" Source="DsI2212RA1.xss" Description="파일을 C:\uniERP\uniERP.NET\uniERP\App\UI\IM\uniERP.App.UI.IM.I2211MA1_KO883\Backup\DsI2212RA1.xss(으)로 백업했습니다.">
</Event><Event ErrorLevel="0" Project="uniERP.App.UI.IM.I2211MA1_KO883" Source="Web References\wsPI3G010FL\DsIListOnhandStkSvr.xsd" Description="파일을 C:\uniERP\uniERP.NET\uniERP\App\UI\IM\uniERP.App.UI.IM.I2211MA1_KO883\Backup\Web References\wsPI3G010FL\DsIListOnhandStkSvr.xsd(으)로 백업했습니다.">
</Event><Event ErrorLevel="0" Project="uniERP.App.UI.IM.I2211MA1_KO883" Source="Web References\wsPI3G010FL\PI3G010FL.wsdl" Description="파일을 C:\uniERP\uniERP.NET\uniERP\App\UI\IM\uniERP.App.UI.IM.I2211MA1_KO883\Backup\Web References\wsPI3G010FL\PI3G010FL.wsdl(으)로 백업했습니다.">
</Event><Event ErrorLevel="0" Project="uniERP.App.UI.IM.I2211MA1_KO883" Source="Web References\wsPI3G010FL\DsIListOnhandStkSvr.datasource" Description="파일을 C:\uniERP\uniERP.NET\uniERP\App\UI\IM\uniERP.App.UI.IM.I2211MA1_KO883\Backup\Web References\wsPI3G010FL\DsIListOnhandStkSvr.datasource(으)로 백업했습니다.">
</Event><Event ErrorLevel="0" Project="uniERP.App.UI.IM.I2211MA1_KO883" Source="Web References\wsPI3G010FL\PI3G010FL.disco" Description="파일을 C:\uniERP\uniERP.NET\uniERP\App\UI\IM\uniERP.App.UI.IM.I2211MA1_KO883\Backup\Web References\wsPI3G010FL\PI3G010FL.disco(으)로 백업했습니다.">
</Event><Event ErrorLevel="0" Project="uniERP.App.UI.IM.I2211MA1_KO883" Source="Web References\wsPI3G010FL\Reference.map" Description="파일을 C:\uniERP\uniERP.NET\uniERP\App\UI\IM\uniERP.App.UI.IM.I2211MA1_KO883\Backup\Web References\wsPI3G010FL\Reference.map(으)로 백업했습니다.">
</Event><Event ErrorLevel="0" Project="uniERP.App.UI.IM.I2211MA1_KO883" Source="ModuleViewer.resx" Description="파일을 C:\uniERP\uniERP.NET\uniERP\App\UI\IM\uniERP.App.UI.IM.I2211MA1_KO883\Backup\ModuleViewer.resx(으)로 백업했습니다.">
</Event><Event ErrorLevel="0" Project="uniERP.App.UI.IM.I2211MA1_KO883" Source="Properties\licenses.licx" Description="파일을 C:\uniERP\uniERP.NET\uniERP\App\UI\IM\uniERP.App.UI.IM.I2211MA1_KO883\Backup\Properties\licenses.licx(으)로 백업했습니다.">
</Event><Event ErrorLevel="1" Project="uniERP.App.UI.IM.I2211MA1_KO883" Source="uniERP.App.UI.IM.I2211MA1_KO883.csproj" Description="프로젝트가 .NET Framework 2.0 또는 3.0을 대상으로 합니다. 프로젝트에서 최신 .NET Framework를 필요로 하는 어셈블리를 사용하는 경우 프로젝트를 빌드할 수 없습니다. 프로젝트 메뉴에서 [속성]을 클릭하고 '.NET Framework' 드롭다운 상자에서 새 버전을 선택하면 .NET Framework 버전을 변경할 수 있습니다. Visual Basic의 경우 이 옵션이 '고급 컴파일러 옵션...' 단추를 클릭하면 나타나는 [컴파일] 탭에 있습니다.">
</Event><Event ErrorLevel="0" Project="uniERP.App.UI.IM.I2211MA1_KO883" Source="uniERP.App.UI.IM.I2211MA1_KO883.csproj" Description="프로젝트를 변환했습니다.">
</Event><Event ErrorLevel="3" Project="uniERP.App.UI.IM.I2211MA1_KO883" Source="uniERP.App.UI.IM.I2211MA1_KO883.csproj" Description="Converted">
</Event><Event ErrorLevel="0" Project="uniERP.App.UI.IM.I2211MA1_KO883" Source="uniERP.App.UI.IM.I2211MA1_KO883.csproj" Description="검사 완료: 프로젝트 파일을 업그레이드할 필요가 없습니다.">
</Event></UpgradeLog>