<?xml version="1.0" encoding="UTF-8"?><?xml-stylesheet type='text/xsl' href='_UpgradeReport_Files/UpgradeReport.xslt'?><UpgradeLog>
<Properties><Property Name="Solution" Value="uniERP.App.UI.MM.M2111Q4_KO883">
</Property><Property Name="솔루션 파일" Value="C:\uniERP\uniERP.NET\uniERP\App\UI\MM\uniERP.App.UI.MM.M2111Q4_KO883\uniERP.App.UI.MM.M2111Q4_KO883.sln">
</Property><Property Name="사용자 옵션 파일" Value="C:\uniERP\uniERP.NET\uniERP\App\UI\MM\uniERP.App.UI.MM.M2111Q4_KO883\uniERP.App.UI.MM.M2111Q4_KO883.suo">
</Property><Property Name="Date" Value="2020년 9월 10일 목요일">
</Property><Property Name="Time" Value="오후 16:01">
</Property></Properties><Event ErrorLevel="0" Project="" Source="uniERP.App.UI.MM.M2111Q4_KO883.sln" Description="파일을 C:\uniERP\uniERP.NET\uniERP\App\UI\MM\uniERP.App.UI.MM.M2111Q4_KO883\Backup\uniERP.App.UI.MM.M2111Q4_KO883.sln(으)로 백업했습니다.">
</Event><Event ErrorLevel="0" Project="" Source="uniERP.App.UI.MM.M2111Q4_KO883.suo" Description="파일을 C:\uniERP\uniERP.NET\uniERP\App\UI\MM\uniERP.App.UI.MM.M2111Q4_KO883\Backup\uniERP.App.UI.MM.M2111Q4_KO883.suo(으)로 백업했습니다.">
</Event><Event ErrorLevel="0" Project="uniERP.App.UI.MM.M2111Q4_KO883" Source="uniERP.App.UI.MM.M2111Q4_KO883.csproj" Description="프로젝트 파일을 C:\uniERP\uniERP.NET\uniERP\App\UI\MM\uniERP.App.UI.MM.M2111Q4_KO883\Backup\uniERP.App.UI.MM.M2111Q4_KO883.csproj(으)로 백업했습니다.">
</Event><Event ErrorLevel="0" Project="uniERP.App.UI.MM.M2111Q4_KO883" Source="uniERP.App.UI.MM.M2111Q4_KO883.csproj.user" Description="프로젝트 사용자 파일을 C:\uniERP\uniERP.NET\uniERP\App\UI\MM\uniERP.App.UI.MM.M2111Q4_KO883\Backup\uniERP.App.UI.MM.M2111Q4_KO883.csproj.user(으)로 백업했습니다.">
</Event><Event ErrorLevel="0" Project="uniERP.App.UI.MM.M2111Q4_KO883" Source="ModuleViewer.cs" Description="파일을 C:\uniERP\uniERP.NET\uniERP\App\UI\MM\uniERP.App.UI.MM.M2111Q4_KO883\Backup\ModuleViewer.cs(으)로 백업했습니다.">
</Event><Event ErrorLevel="0" Project="uniERP.App.UI.MM.M2111Q4_KO883" Source="ModuleViewer.Designer.cs" Description="파일을 C:\uniERP\uniERP.NET\uniERP\App\UI\MM\uniERP.App.UI.MM.M2111Q4_KO883\Backup\ModuleViewer.Designer.cs(으)로 백업했습니다.">
</Event><Event ErrorLevel="0" Project="uniERP.App.UI.MM.M2111Q4_KO883" Source="Properties\AssemblyInfo.cs" Description="파일을 C:\uniERP\uniERP.NET\uniERP\App\UI\MM\uniERP.App.UI.MM.M2111Q4_KO883\Backup\Properties\AssemblyInfo.cs(으)로 백업했습니다.">
</Event><Event ErrorLevel="0" Project="uniERP.App.UI.MM.M2111Q4_KO883" Source="Properties\Settings.Designer.cs" Description="파일을 C:\uniERP\uniERP.NET\uniERP\App\UI\MM\uniERP.App.UI.MM.M2111Q4_KO883\Backup\Properties\Settings.Designer.cs(으)로 백업했습니다.">
</Event><Event ErrorLevel="0" Project="uniERP.App.UI.MM.M2111Q4_KO883" Source="tdsM2111QA4.Designer.cs" Description="파일을 C:\uniERP\uniERP.NET\uniERP\App\UI\MM\uniERP.App.UI.MM.M2111Q4_KO883\Backup\tdsM2111QA4.Designer.cs(으)로 백업했습니다.">
</Event><Event ErrorLevel="0" Project="uniERP.App.UI.MM.M2111Q4_KO883" Source="app.config" Description="파일을 C:\uniERP\uniERP.NET\uniERP\App\UI\MM\uniERP.App.UI.MM.M2111Q4_KO883\Backup\app.config(으)로 백업했습니다.">
</Event><Event ErrorLevel="0" Project="uniERP.App.UI.MM.M2111Q4_KO883" Source="Properties\Settings.settings" Description="파일을 C:\uniERP\uniERP.NET\uniERP\App\UI\MM\uniERP.App.UI.MM.M2111Q4_KO883\Backup\Properties\Settings.settings(으)로 백업했습니다.">
</Event><Event ErrorLevel="0" Project="uniERP.App.UI.MM.M2111Q4_KO883" Source="tdsM2111QA4.xsc" Description="파일을 C:\uniERP\uniERP.NET\uniERP\App\UI\MM\uniERP.App.UI.MM.M2111Q4_KO883\Backup\tdsM2111QA4.xsc(으)로 백업했습니다.">
</Event><Event ErrorLevel="0" Project="uniERP.App.UI.MM.M2111Q4_KO883" Source="tdsM2111QA4.xsd" Description="파일을 C:\uniERP\uniERP.NET\uniERP\App\UI\MM\uniERP.App.UI.MM.M2111Q4_KO883\Backup\tdsM2111QA4.xsd(으)로 백업했습니다.">
</Event><Event ErrorLevel="0" Project="uniERP.App.UI.MM.M2111Q4_KO883" Source="tdsM2111QA4.xss" Description="파일을 C:\uniERP\uniERP.NET\uniERP\App\UI\MM\uniERP.App.UI.MM.M2111Q4_KO883\Backup\tdsM2111QA4.xss(으)로 백업했습니다.">
</Event><Event ErrorLevel="0" Project="uniERP.App.UI.MM.M2111Q4_KO883" Source="ModuleViewer.resx" Description="파일을 C:\uniERP\uniERP.NET\uniERP\App\UI\MM\uniERP.App.UI.MM.M2111Q4_KO883\Backup\ModuleViewer.resx(으)로 백업했습니다.">
</Event><Event ErrorLevel="0" Project="uniERP.App.UI.MM.M2111Q4_KO883" Source="Properties\licenses.licx" Description="파일을 C:\uniERP\uniERP.NET\uniERP\App\UI\MM\uniERP.App.UI.MM.M2111Q4_KO883\Backup\Properties\licenses.licx(으)로 백업했습니다.">
</Event><Event ErrorLevel="0" Project="uniERP.App.UI.MM.M2111Q4_KO883" Source="uniERP.App.UI.MM.M2111Q4_KO883.csproj" Description="변환이 필요 없는 프로젝트 파일입니다.">
</Event><Event ErrorLevel="3" Project="uniERP.App.UI.MM.M2111Q4_KO883" Source="uniERP.App.UI.MM.M2111Q4_KO883.csproj" Description="변환 필요 없음">
</Event><Event ErrorLevel="1" Project="uniERP.App.UI.POPUP.M2111P1_KO883" Source="..\..\POPUP\uniERP.App.UI.POPUP.M2111P1_KO883\uniERP.App.UI.POPUP.M2111P1_KO883.csproj" Description="경고: 원래 솔루션 상대 경로와 다른 상대 경로에 프로젝트 파일을 백업하고 있습니다. 폴더 계층 구조가 다르면 백업한 솔루션 및 프로젝트를 열거나 빌드하는 데 문제가 발생할 수 있습니다.">
</Event><Event ErrorLevel="2" Project="uniERP.App.UI.POPUP.M2111P1_KO883" Source="..\..\POPUP\uniERP.App.UI.POPUP.M2111P1_KO883\uniERP.App.UI.POPUP.M2111P1_KO883.csproj" Description="업그레이드하기 위해 프로젝트 파일을 열 수 없습니다.  ">
</Event><Event ErrorLevel="0" Project="" Source="uniERP.App.UI.MM.M2111Q4_KO883.sln" Description="솔루션을 변환했습니다.">
</Event><Event ErrorLevel="3" Project="" Source="uniERP.App.UI.MM.M2111Q4_KO883.sln" Description="Converted">
</Event></UpgradeLog>