<?xml version="1.0" encoding="UTF-8"?><?xml-stylesheet type='text/xsl' href='_UpgradeReport_Files/UpgradeReport.xslt'?><UpgradeLog>
<Properties><Property Name="Solution" Value="uniERP.App.UI.HR.H4006MA3_KO883">
</Property><Property Name="솔루션 파일" Value="D:\ERP개발소스\HR\H4006M3_KO883_근태신청등록(S)\070. UI\uniERP.App.UI.HR.H4006MA3_KO883_20201222\uniERP.App.UI.HR.H4006MA3_KO883.sln">
</Property><Property Name="사용자 옵션 파일" Value="D:\ERP개발소스\HR\H4006M3_KO883_근태신청등록(S)\070. UI\uniERP.App.UI.HR.H4006MA3_KO883_20201222\uniERP.App.UI.HR.H4006MA3_KO883.suo">
</Property><Property Name="Date" Value="2020년 12월 30일 수요일">
</Property><Property Name="Time" Value="오후 12:41">
</Property><Property Name="로그 번호" Value="4">
</Property></Properties><Event ErrorLevel="0" Project="" Source="uniERP.App.UI.HR.H4006MA3_KO883.sln" Description="파일을 D:\ERP개발소스\HR\H4006M3_KO883_근태신청등록(S)\070. UI\uniERP.App.UI.HR.H4006MA3_KO883_20201222\Backup1\uniERP.App.UI.HR.H4006MA3_KO883.sln(으)로 백업했습니다.">
</Event><Event ErrorLevel="0" Project="" Source="uniERP.App.UI.HR.H4006MA3_KO883.suo" Description="파일을 D:\ERP개발소스\HR\H4006M3_KO883_근태신청등록(S)\070. UI\uniERP.App.UI.HR.H4006MA3_KO883_20201222\Backup1\uniERP.App.UI.HR.H4006MA3_KO883.suo(으)로 백업했습니다.">
</Event><Event ErrorLevel="0" Project="uniERP.App.UI.HR.H4006MA3_KO883" Source="uniERP.App.UI.HR.H4006MA3_KO883.csproj" Description="프로젝트 파일을 D:\ERP개발소스\HR\H4006M3_KO883_근태신청등록(S)\070. UI\uniERP.App.UI.HR.H4006MA3_KO883_20201222\Backup1\uniERP.App.UI.HR.H4006MA3_KO883.csproj(으)로 백업했습니다.">
</Event><Event ErrorLevel="0" Project="uniERP.App.UI.HR.H4006MA3_KO883" Source="uniERP.App.UI.HR.H4006MA3_KO883.csproj.user" Description="프로젝트 사용자 파일을 D:\ERP개발소스\HR\H4006M3_KO883_근태신청등록(S)\070. UI\uniERP.App.UI.HR.H4006MA3_KO883_20201222\Backup1\uniERP.App.UI.HR.H4006MA3_KO883.csproj.user(으)로 백업했습니다.">
</Event><Event ErrorLevel="0" Project="uniERP.App.UI.HR.H4006MA3_KO883" Source="ModuleViewer.cs" Description="파일을 D:\ERP개발소스\HR\H4006M3_KO883_근태신청등록(S)\070. UI\uniERP.App.UI.HR.H4006MA3_KO883_20201222\Backup1\ModuleViewer.cs(으)로 백업했습니다.">
</Event><Event ErrorLevel="0" Project="uniERP.App.UI.HR.H4006MA3_KO883" Source="ModuleViewer.Designer.cs" Description="파일을 D:\ERP개발소스\HR\H4006M3_KO883_근태신청등록(S)\070. UI\uniERP.App.UI.HR.H4006MA3_KO883_20201222\Backup1\ModuleViewer.Designer.cs(으)로 백업했습니다.">
</Event><Event ErrorLevel="0" Project="uniERP.App.UI.HR.H4006MA3_KO883" Source="Properties\AssemblyInfo.cs" Description="파일을 D:\ERP개발소스\HR\H4006M3_KO883_근태신청등록(S)\070. UI\uniERP.App.UI.HR.H4006MA3_KO883_20201222\Backup1\Properties\AssemblyInfo.cs(으)로 백업했습니다.">
</Event><Event ErrorLevel="0" Project="uniERP.App.UI.HR.H4006MA3_KO883" Source="Properties\Settings.Designer.cs" Description="파일을 D:\ERP개발소스\HR\H4006M3_KO883_근태신청등록(S)\070. UI\uniERP.App.UI.HR.H4006MA3_KO883_20201222\Backup1\Properties\Settings.Designer.cs(으)로 백업했습니다.">
</Event><Event ErrorLevel="0" Project="uniERP.App.UI.HR.H4006MA3_KO883" Source="TdsH_DILIG.cs" Description="파일을 D:\ERP개발소스\HR\H4006M3_KO883_근태신청등록(S)\070. UI\uniERP.App.UI.HR.H4006MA3_KO883_20201222\Backup1\TdsH_DILIG.cs(으)로 백업했습니다.">
</Event><Event ErrorLevel="0" Project="uniERP.App.UI.HR.H4006MA3_KO883" Source="TdsH_DILIG.Designer.cs" Description="파일을 D:\ERP개발소스\HR\H4006M3_KO883_근태신청등록(S)\070. UI\uniERP.App.UI.HR.H4006MA3_KO883_20201222\Backup1\TdsH_DILIG.Designer.cs(으)로 백업했습니다.">
</Event><Event ErrorLevel="0" Project="uniERP.App.UI.HR.H4006MA3_KO883" Source="Web References\wsPB0C001FL\Reference.cs" Description="파일을 D:\ERP개발소스\HR\H4006M3_KO883_근태신청등록(S)\070. UI\uniERP.App.UI.HR.H4006MA3_KO883_20201222\Backup1\Web References\wsPB0C001FL\Reference.cs(으)로 백업했습니다.">
</Event><Event ErrorLevel="0" Project="uniERP.App.UI.HR.H4006MA3_KO883" Source="TdsH_DILIG.xsc" Description="파일을 D:\ERP개발소스\HR\H4006M3_KO883_근태신청등록(S)\070. UI\uniERP.App.UI.HR.H4006MA3_KO883_20201222\Backup1\TdsH_DILIG.xsc(으)로 백업했습니다.">
</Event><Event ErrorLevel="0" Project="uniERP.App.UI.HR.H4006MA3_KO883" Source="TdsH_DILIG.xsd" Description="파일을 D:\ERP개발소스\HR\H4006M3_KO883_근태신청등록(S)\070. UI\uniERP.App.UI.HR.H4006MA3_KO883_20201222\Backup1\TdsH_DILIG.xsd(으)로 백업했습니다.">
</Event><Event ErrorLevel="0" Project="uniERP.App.UI.HR.H4006MA3_KO883" Source="TdsH_DILIG.xss" Description="파일을 D:\ERP개발소스\HR\H4006M3_KO883_근태신청등록(S)\070. UI\uniERP.App.UI.HR.H4006MA3_KO883_20201222\Backup1\TdsH_DILIG.xss(으)로 백업했습니다.">
</Event><Event ErrorLevel="0" Project="uniERP.App.UI.HR.H4006MA3_KO883" Source="Web References\wsPB0C001FL\PB0C001FL.wsdl" Description="파일을 D:\ERP개발소스\HR\H4006M3_KO883_근태신청등록(S)\070. UI\uniERP.App.UI.HR.H4006MA3_KO883_20201222\Backup1\Web References\wsPB0C001FL\PB0C001FL.wsdl(으)로 백업했습니다.">
</Event><Event ErrorLevel="0" Project="uniERP.App.UI.HR.H4006MA3_KO883" Source="app.config" Description="파일을 D:\ERP개발소스\HR\H4006M3_KO883_근태신청등록(S)\070. UI\uniERP.App.UI.HR.H4006MA3_KO883_20201222\Backup1\app.config(으)로 백업했습니다.">
</Event><Event ErrorLevel="0" Project="uniERP.App.UI.HR.H4006MA3_KO883" Source="Properties\Settings.settings" Description="파일을 D:\ERP개발소스\HR\H4006M3_KO883_근태신청등록(S)\070. UI\uniERP.App.UI.HR.H4006MA3_KO883_20201222\Backup1\Properties\Settings.settings(으)로 백업했습니다.">
</Event><Event ErrorLevel="0" Project="uniERP.App.UI.HR.H4006MA3_KO883" Source="Web References\wsPB0C001FL\DsBTransAutoNumber.xsd" Description="파일을 D:\ERP개발소스\HR\H4006M3_KO883_근태신청등록(S)\070. UI\uniERP.App.UI.HR.H4006MA3_KO883_20201222\Backup1\Web References\wsPB0C001FL\DsBTransAutoNumber.xsd(으)로 백업했습니다.">
</Event><Event ErrorLevel="0" Project="uniERP.App.UI.HR.H4006MA3_KO883" Source="Web References\wsPB0C001FL\DsBTransAutoNumber1.datasource" Description="파일을 D:\ERP개발소스\HR\H4006M3_KO883_근태신청등록(S)\070. UI\uniERP.App.UI.HR.H4006MA3_KO883_20201222\Backup1\Web References\wsPB0C001FL\DsBTransAutoNumber1.datasource(으)로 백업했습니다.">
</Event><Event ErrorLevel="0" Project="uniERP.App.UI.HR.H4006MA3_KO883" Source="Web References\wsPB0C001FL\PB0C001FL.disco" Description="파일을 D:\ERP개발소스\HR\H4006M3_KO883_근태신청등록(S)\070. UI\uniERP.App.UI.HR.H4006MA3_KO883_20201222\Backup1\Web References\wsPB0C001FL\PB0C001FL.disco(으)로 백업했습니다.">
</Event><Event ErrorLevel="0" Project="uniERP.App.UI.HR.H4006MA3_KO883" Source="Web References\wsPB0C001FL\Reference.map" Description="파일을 D:\ERP개발소스\HR\H4006M3_KO883_근태신청등록(S)\070. UI\uniERP.App.UI.HR.H4006MA3_KO883_20201222\Backup1\Web References\wsPB0C001FL\Reference.map(으)로 백업했습니다.">
</Event><Event ErrorLevel="0" Project="uniERP.App.UI.HR.H4006MA3_KO883" Source="ModuleViewer.resx" Description="파일을 D:\ERP개발소스\HR\H4006M3_KO883_근태신청등록(S)\070. UI\uniERP.App.UI.HR.H4006MA3_KO883_20201222\Backup1\ModuleViewer.resx(으)로 백업했습니다.">
</Event><Event ErrorLevel="0" Project="uniERP.App.UI.HR.H4006MA3_KO883" Source="uniERP.App.UI.HR.H4006MA3_KO883.csproj" Description="프로젝트를 변환했습니다.">
</Event><Event ErrorLevel="3" Project="uniERP.App.UI.HR.H4006MA3_KO883" Source="uniERP.App.UI.HR.H4006MA3_KO883.csproj" Description="Converted">
</Event><Event ErrorLevel="0" Project="" Source="uniERP.App.UI.HR.H4006MA3_KO883.sln" Description="솔루션을 변환했습니다.">
</Event><Event ErrorLevel="3" Project="" Source="uniERP.App.UI.HR.H4006MA3_KO883.sln" Description="Converted">
</Event><Event ErrorLevel="0" Project="uniERP.App.UI.HR.H4006MA3_KO883" Source="uniERP.App.UI.HR.H4006MA3_KO883.csproj" Description="검사 완료: 프로젝트 파일을 업그레이드할 필요가 없습니다.">
</Event></UpgradeLog>